time_bin,syn_norm
2000,-0.45454545454545436
2001,-0.4405594405594404
2002,-0.4405594405594404
2003,-0.4405594405594404
2004,-0.4405594405594404
2005,-0.4405594405594404
2006,-0.4405594405594404
2007,-0.4405594405594404
2008,-0.45454545454545436
2009,-0.42657342657342645
2010,-0.4405594405594404
2011,-0.45454545454545436
2012,-0.46853146853146843
2013,-0.4405594405594404
2014,-0.4405594405594404
2015,-0.42657342657342645
2016,-0.4405594405594404
2017,-0.45454545454545436
2018,-0.4405594405594404
2019,-0.45454545454545436
2020,-0.42657342657342645
2021,-0.4405594405594404
2022,-0.45454545454545436
2023,-0.45454545454545436
2024,-0.45454545454545436
2025,-0.42657342657342645
2026,-0.4405594405594404
2027,-0.45454545454545436
2028,-0.45454545454545436
2029,-0.42657342657342645
2030,-0.45454545454545436
2031,-0.4405594405594404
2032,-0.45454545454545436
2033,-0.4405594405594404
2034,-0.4405594405594404
2035,-0.45454545454545436
2036,-0.42657342657342645
2037,-0.45454545454545436
2038,-0.42657342657342645
2039,-0.4405594405594404
2040,-0.4405594405594404
2041,-0.4405594405594404
2042,-0.4405594405594404
2043,-0.45454545454545436
2044,-0.4405594405594404
2045,-0.4405594405594404
2046,-0.4405594405594404
2047,-0.4405594405594404
2048,-0.45454545454545436
2049,-0.45454545454545436
2050,-0.4405594405594404
2051,-0.45454545454545436
2052,-0.4405594405594404
2053,-0.45454545454545436
2054,-0.4405594405594404
2055,-0.45454545454545436
2056,-0.4405594405594404
2057,-0.4405594405594404
2058,-0.45454545454545436
2059,-0.4405594405594404
2060,-0.45454545454545436
2061,-0.42657342657342645
2062,-0.4405594405594404
2063,-0.4405594405594404
2064,-0.4405594405594404
2065,-0.4405594405594404
2066,-0.45454545454545436
2067,-0.42657342657342645
2068,-0.42657342657342645
2069,-0.45454545454545436
2070,-0.45454545454545436
2071,-0.45454545454545436
2072,-0.45454545454545436
2073,-0.4405594405594404
2074,-0.4405594405594404
2075,-0.45454545454545436
2076,-0.4405594405594404
2077,-0.4405594405594404
2078,-0.4405594405594404
2079,-0.4405594405594404
2080,-0.46853146853146843
2081,-0.4405594405594404
2082,-0.45454545454545436
2083,-0.4405594405594404
2084,-0.46853146853146843
2085,-0.45454545454545436
2086,-0.4405594405594404
2087,-0.4405594405594404
2088,-0.4405594405594404
2089,-0.45454545454545436
2090,-0.45454545454545436
2091,-0.4405594405594404
2092,-0.42657342657342645
2093,-0.4405594405594404
2094,-0.4405594405594404
2095,-0.45454545454545436
2096,-0.45454545454545436
2097,-0.45454545454545436
2098,-0.4405594405594404
2099,-0.4405594405594404
2100,-0.46853146853146843
2101,-0.46853146853146843
2102,-0.4405594405594404
2103,-0.4405594405594404
2104,-0.45454545454545436
2105,-0.4405594405594404
2106,-0.45454545454545436
2107,-0.4405594405594404
2108,-0.45454545454545436
2109,-0.4405594405594404
2110,-0.42657342657342645
2111,-0.46853146853146843
2112,-0.42657342657342645
2113,-0.46853146853146843
2114,-0.45454545454545436
2115,-0.45454545454545436
2116,-0.4405594405594404
2117,-0.42657342657342645
2118,-0.45454545454545436
2119,-0.4405594405594404
2120,-0.42657342657342645
2121,-0.4405594405594404
2122,-0.45454545454545436
2123,-0.45454545454545436
2124,-0.45454545454545436
2125,-0.45454545454545436
2126,-0.46853146853146843
2127,-0.4405594405594404
2128,-0.4405594405594404
2129,-0.4405594405594404
2130,-0.4405594405594404
2131,-0.46853146853146843
2132,-0.4405594405594404
2133,-0.4405594405594404
2134,-0.45454545454545436
2135,-0.42657342657342645
2136,-0.4405594405594404
2137,-0.4405594405594404
2138,-0.46853146853146843
2139,-0.4405594405594404
2140,-0.45454545454545436
2141,-0.45454545454545436
2142,-0.46853146853146843
2143,-0.4405594405594404
2144,-0.45454545454545436
2145,-0.4405594405594404
2146,-0.45454545454545436
2147,-0.4405594405594404
2148,-0.4405594405594404
2149,-0.4405594405594404
2150,-0.45454545454545436
2151,-0.4405594405594404
2152,-0.4405594405594404
2153,-0.45454545454545436
2154,-0.5104895104895104
2155,-0.4405594405594404
2156,-0.45454545454545436
2157,-0.4405594405594404
2158,-0.45454545454545436
2159,-0.4405594405594404
2160,-0.4405594405594404
2161,-0.45454545454545436
2162,-0.45454545454545436
2163,-0.4405594405594404
2164,-0.4405594405594404
2165,-0.4405594405594404
2166,-0.45454545454545436
2167,-0.4405594405594404
2168,-0.45454545454545436
2169,-0.4405594405594404
2170,-0.45454545454545436
2171,-0.45454545454545436
2172,-0.4405594405594404
2173,-0.42657342657342645
2174,-0.46853146853146843
2175,-0.4405594405594404
2176,-0.45454545454545436
2177,-0.45454545454545436
2178,-0.45454545454545436
2179,-0.4405594405594404
2180,-0.46853146853146843
2181,-0.4405594405594404
2182,-0.4405594405594404
2183,-0.4405594405594404
2184,-0.45454545454545436
2185,-0.45454545454545436
2186,-0.42657342657342645
2187,-0.45454545454545436
2188,-0.45454545454545436
2189,-0.46853146853146843
2190,-0.4405594405594404
2191,-0.42657342657342645
2192,-0.4405594405594404
2193,-0.45454545454545436
2194,-0.4405594405594404
2195,-0.4405594405594404
2196,-0.42657342657342645
2197,-0.4405594405594404
2198,-0.45454545454545436
2199,-0.45454545454545436
2200,-0.4405594405594404
2201,-0.4405594405594404
2202,-0.4405594405594404
2203,-0.45454545454545436
2204,-0.4405594405594404
2205,-0.45454545454545436
2206,-0.42657342657342645
2207,-0.4405594405594404
2208,-0.4405594405594404
2209,-0.4405594405594404
2210,-0.42657342657342645
2211,-0.46853146853146843
2212,-0.4405594405594404
2213,-0.4405594405594404
2214,-0.42657342657342645
2215,-0.45454545454545436
2216,-0.4405594405594404
2217,-0.4405594405594404
2218,-0.4405594405594404
2219,-0.4405594405594404
2220,-0.46853146853146843
2221,-0.4405594405594404
2222,-0.45454545454545436
2223,-0.4405594405594404
2224,-0.45454545454545436
2225,-0.4405594405594404
2226,-0.46853146853146843
2227,-0.4405594405594404
2228,-0.46853146853146843
2229,-0.4405594405594404
2230,-0.45454545454545436
2231,-0.42657342657342645
2232,-0.45454545454545436
2233,-0.45454545454545436
2234,-0.4405594405594404
2235,-0.4405594405594404
2236,-0.42657342657342645
2237,-0.4405594405594404
2238,-0.46853146853146843
2239,-0.42657342657342645
2240,-0.46853146853146843
2241,-0.4405594405594404
2242,-0.45454545454545436
2243,-0.4405594405594404
2244,-0.45454545454545436
2245,-0.45454545454545436
2246,-0.45454545454545436
2247,-0.45454545454545436
2248,-0.45454545454545436
2249,-0.4125874125874125
2250,-0.4405594405594404
2251,-0.4405594405594404
2252,-0.45454545454545436
2253,-0.46853146853146843
2254,-0.46853146853146843
2255,-0.4405594405594404
2256,-0.45454545454545436
2257,-0.4405594405594404
2258,-0.45454545454545436
2259,-0.45454545454545436
2260,-0.4405594405594404
2261,-0.45454545454545436
2262,-0.4405594405594404
2263,-0.4405594405594404
2264,-0.4405594405594404
2265,-0.45454545454545436
2266,-0.45454545454545436
2267,-0.4405594405594404
2268,-0.4405594405594404
2269,-0.45454545454545436
2270,-0.4405594405594404
2271,-0.45454545454545436
2272,-0.4405594405594404
2273,-0.4405594405594404
2274,-0.45454545454545436
2275,-0.45454545454545436
2276,-0.45454545454545436
2277,-0.45454545454545436
2278,-0.4405594405594404
2279,-0.45454545454545436
2280,-0.4405594405594404
2281,-0.45454545454545436
2282,-0.42657342657342645
2283,-0.42657342657342645
2284,-0.46853146853146843
2285,-0.4405594405594404
2286,-0.4825174825174824
2287,-0.45454545454545436
2288,-0.45454545454545436
2289,-0.45454545454545436
2290,-0.45454545454545436
2291,-0.45454545454545436
2292,-0.42657342657342645
2293,-0.42657342657342645
2294,-0.4405594405594404
2295,-0.45454545454545436
2296,-0.42657342657342645
2297,-0.45454545454545436
2298,-0.4405594405594404
2299,-0.45454545454545436
2300,-0.45454545454545436
2301,-0.4405594405594404
2302,-0.4405594405594404
2303,-0.4405594405594404
2304,-0.45454545454545436
2305,-0.4405594405594404
2306,-0.42657342657342645
2307,-0.45454545454545436
2308,-0.42657342657342645
2309,-0.4405594405594404
2310,-0.4405594405594404
2311,-0.4405594405594404
2312,-0.42657342657342645
2313,-0.4405594405594404
2314,-0.45454545454545436
2315,-0.45454545454545436
2316,-0.4405594405594404
2317,-0.4405594405594404
2318,-0.4405594405594404
2319,-0.4825174825174824
2320,-0.4405594405594404
2321,-0.45454545454545436
2322,-0.4405594405594404
2323,-0.46853146853146843
2324,-0.4405594405594404
2325,-0.4405594405594404
2326,-0.4405594405594404
2327,-0.45454545454545436
2328,-0.45454545454545436
2329,-0.45454545454545436
2330,-0.42657342657342645
2331,-0.45454545454545436
2332,-0.45454545454545436
2333,-0.45454545454545436
2334,-0.45454545454545436
2335,-0.4405594405594404
2336,-0.45454545454545436
2337,-0.4405594405594404
2338,-0.4405594405594404
2339,-0.4405594405594404
2340,-0.4405594405594404
2341,-0.4405594405594404
2342,-0.4825174825174824
2343,-0.42657342657342645
2344,-0.4405594405594404
2345,-0.45454545454545436
2346,-0.42657342657342645
2347,-0.4405594405594404
2348,-0.42657342657342645
2349,-0.4405594405594404
2350,-0.4405594405594404
2351,-0.46853146853146843
2352,-0.4405594405594404
2353,-0.4405594405594404
2354,-0.45454545454545436
2355,-0.42657342657342645
2356,-0.45454545454545436
2357,-0.4405594405594404
2358,-0.4405594405594404
2359,-0.42657342657342645
2360,-0.45454545454545436
2361,-0.4405594405594404
2362,-0.45454545454545436
2363,-0.46853146853146843
2364,-0.4405594405594404
2365,-0.46853146853146843
2366,-0.45454545454545436
2367,-0.42657342657342645
2368,-0.45454545454545436
2369,-0.45454545454545436
2370,-0.45454545454545436
2371,-0.4405594405594404
2372,-0.45454545454545436
2373,-0.45454545454545436
2374,-0.45454545454545436
2375,-0.45454545454545436
2376,-0.45454545454545436
2377,-0.4405594405594404
2378,-0.4405594405594404
2379,-0.4405594405594404
2380,-0.4405594405594404
2381,-0.42657342657342645
2382,-0.45454545454545436
2383,-0.4405594405594404
2384,-0.45454545454545436
2385,-0.4405594405594404
2386,-0.45454545454545436
2387,-0.4405594405594404
2388,-0.4405594405594404
2389,-0.45454545454545436
2390,-0.4405594405594404
2391,-0.45454545454545436
2392,-0.4405594405594404
2393,-0.4405594405594404
2394,-0.4405594405594404
2395,-0.45454545454545436
2396,-0.4405594405594404
2397,-0.45454545454545436
2398,-0.4405594405594404
2399,-0.4405594405594404
2400,-0.45454545454545436
2401,-0.45454545454545436
2402,-0.45454545454545436
2403,-0.45454545454545436
2404,-0.4405594405594404
2405,-0.45454545454545436
2406,-0.46853146853146843
2407,-0.4405594405594404
2408,-0.4405594405594404
2409,-0.4405594405594404
2410,-0.45454545454545436
2411,-0.4405594405594404
2412,-0.45454545454545436
2413,-0.4405594405594404
2414,-0.4405594405594404
2415,-0.45454545454545436
2416,-0.4405594405594404
2417,-0.42657342657342645
2418,-0.46853146853146843
2419,-0.45454545454545436
2420,-0.4405594405594404
2421,-0.45454545454545436
2422,-0.45454545454545436
2423,-0.45454545454545436
2424,-0.4405594405594404
2425,-0.42657342657342645
2426,-0.45454545454545436
2427,-0.45454545454545436
2428,-0.4405594405594404
2429,-0.4405594405594404
2430,-0.42657342657342645
2431,-0.45454545454545436
2432,-0.45454545454545436
2433,-0.45454545454545436
2434,-0.4405594405594404
2435,-0.45454545454545436
2436,-0.4405594405594404
2437,-0.45454545454545436
2438,-0.4405594405594404
2439,-0.4405594405594404
2440,-0.4405594405594404
2441,-0.45454545454545436
2442,-0.4405594405594404
2443,-0.45454545454545436
2444,-0.45454545454545436
2445,-0.45454545454545436
2446,-0.4405594405594404
2447,-0.4405594405594404
2448,-0.46853146853146843
2449,-0.4405594405594404
2450,-0.45454545454545436
2451,-0.4405594405594404
2452,-0.45454545454545436
2453,-0.4405594405594404
2454,-0.42657342657342645
2455,-0.45454545454545436
2456,-0.45454545454545436
2457,-0.4405594405594404
2458,-0.45454545454545436
2459,-0.45454545454545436
2460,-0.4405594405594404
2461,-0.46853146853146843
2462,-0.4405594405594404
2463,-0.45454545454545436
2464,-0.46853146853146843
2465,-0.4405594405594404
2466,-0.45454545454545436
2467,-0.42657342657342645
2468,-0.4405594405594404
2469,-0.45454545454545436
2470,-0.45454545454545436
2471,-0.45454545454545436
2472,-0.46853146853146843
2473,-0.46853146853146843
2474,-0.46853146853146843
2475,-0.4405594405594404
2476,-0.4405594405594404
2477,-0.45454545454545436
2478,-0.4825174825174824
2479,-0.42657342657342645
2480,-0.45454545454545436
2481,-0.4405594405594404
2482,-0.42657342657342645
2483,-0.4405594405594404
2484,-0.4405594405594404
2485,-0.45454545454545436
2486,-0.45454545454545436
2487,-0.45454545454545436
2488,-0.4405594405594404
2489,-0.4405594405594404
2490,-0.45454545454545436
2491,-0.4405594405594404
2492,-0.45454545454545436
2493,-0.4405594405594404
2494,-0.45454545454545436
2495,-0.4405594405594404
2496,-0.4405594405594404
2497,-0.45454545454545436
2498,-0.4405594405594404
2499,-0.46853146853146843
2500,-0.4405594405594404
2501,-0.4825174825174824
2502,-0.4405594405594404
2503,-0.4125874125874125
2504,-0.45454545454545436
2505,-0.4405594405594404
2506,-0.45454545454545436
2507,-0.4405594405594404
2508,-0.4405594405594404
2509,-0.46853146853146843
2510,-0.45454545454545436
2511,-0.4405594405594404
2512,-0.45454545454545436
2513,-0.46853146853146843
2514,-0.4405594405594404
2515,-0.45454545454545436
2516,-0.45454545454545436
2517,-0.4405594405594404
2518,-0.45454545454545436
2519,-0.45454545454545436
2520,-0.4405594405594404
2521,-0.42657342657342645
2522,-0.45454545454545436
2523,-0.4405594405594404
2524,-0.4405594405594404
2525,-0.45454545454545436
2526,-0.45454545454545436
2527,-0.45454545454545436
2528,-0.45454545454545436
2529,-0.4405594405594404
2530,-0.45454545454545436
2531,-0.42657342657342645
2532,-0.4405594405594404
2533,-0.46853146853146843
2534,-0.42657342657342645
2535,-0.4405594405594404
2536,-0.45454545454545436
2537,-0.46853146853146843
2538,-0.45454545454545436
2539,-0.4405594405594404
2540,-0.4405594405594404
2541,-0.4405594405594404
2542,-0.4405594405594404
2543,-0.45454545454545436
2544,-0.45454545454545436
2545,-0.6643356643356642
2546,-0.5384615384615383
2547,-0.45454545454545436
2548,-0.4405594405594404
2549,-0.46853146853146843
2550,-0.4405594405594404
2551,-0.4405594405594404
2552,-0.45454545454545436
2553,-0.4405594405594404
2554,-0.45454545454545436
2555,-0.45454545454545436
2556,-0.4405594405594404
2557,-0.45454545454545436
2558,-0.45454545454545436
2559,-0.42657342657342645
2560,-0.45454545454545436
2561,-0.4405594405594404
2562,-0.4405594405594404
2563,-0.45454545454545436
2564,-0.4405594405594404
2565,-0.45454545454545436
2566,-0.4405594405594404
2567,-0.4405594405594404
2568,-0.4405594405594404
2569,-0.45454545454545436
2570,-0.45454545454545436
2571,-0.4405594405594404
2572,-0.4405594405594404
2573,-0.45454545454545436
2574,-0.4405594405594404
2575,-0.45454545454545436
2576,-0.45454545454545436
2577,-0.46853146853146843
2578,-0.45454545454545436
2579,-0.45454545454545436
2580,-0.4405594405594404
2581,-0.45454545454545436
2582,-0.45454545454545436
2583,-0.4405594405594404
2584,-0.46853146853146843
2585,-0.4405594405594404
2586,-0.46853146853146843
2587,-0.45454545454545436
2588,-0.4825174825174824
2589,-0.42657342657342645
2590,-0.45454545454545436
2591,-0.45454545454545436
2592,-0.46853146853146843
2593,-0.45454545454545436
2594,-0.45454545454545436
2595,-0.42657342657342645
2596,-0.45454545454545436
2597,-0.46853146853146843
2598,-0.46853146853146843
2599,-0.45454545454545436
2600,-0.42657342657342645
2601,-0.45454545454545436
2602,-0.45454545454545436
2603,-0.4405594405594404
2604,-0.45454545454545436
2605,-0.42657342657342645
2606,-0.45454545454545436
2607,-0.45454545454545436
2608,-0.45454545454545436
2609,-0.45454545454545436
2610,-0.4405594405594404
2611,-0.46853146853146843
2612,-0.46853146853146843
2613,-0.45454545454545436
2614,-0.42657342657342645
2615,-0.45454545454545436
2616,-0.4405594405594404
2617,-0.4405594405594404
2618,-0.4405594405594404
2619,-0.42657342657342645
2620,-0.4405594405594404
2621,-0.45454545454545436
2622,-0.45454545454545436
2623,-0.45454545454545436
2624,-0.42657342657342645
2625,-0.4405594405594404
2626,-0.42657342657342645
2627,-0.45454545454545436
2628,-0.45454545454545436
2629,-0.46853146853146843
2630,-0.45454545454545436
2631,-0.4405594405594404
2632,-0.4825174825174824
2633,-0.4405594405594404
2634,-0.46853146853146843
2635,-0.42657342657342645
2636,-0.4405594405594404
2637,-0.46853146853146843
2638,-0.4405594405594404
2639,-0.46853146853146843
2640,-0.4405594405594404
2641,-0.45454545454545436
2642,-0.45454545454545436
2643,-0.4405594405594404
2644,-0.42657342657342645
2645,-0.4405594405594404
2646,-0.45454545454545436
2647,-0.46853146853146843
2648,-0.4405594405594404
2649,-0.42657342657342645
2650,-0.45454545454545436
2651,-0.4405594405594404
2652,-0.4405594405594404
2653,-0.4405594405594404
2654,-0.4405594405594404
2655,-0.45454545454545436
2656,-0.46853146853146843
2657,-0.42657342657342645
2658,-0.4405594405594404
2659,-0.45454545454545436
2660,-0.45454545454545436
2661,-0.45454545454545436
2662,-0.45454545454545436
2663,-0.45454545454545436
2664,-0.46853146853146843
2665,-0.4405594405594404
2666,-0.45454545454545436
2667,-0.45454545454545436
2668,-0.45454545454545436
2669,-0.45454545454545436
2670,-0.4405594405594404
2671,-0.45454545454545436
2672,-0.4405594405594404
2673,-0.45454545454545436
2674,-0.4405594405594404
2675,-0.45454545454545436
2676,-0.4825174825174824
2677,-0.45454545454545436
2678,-0.45454545454545436
2679,-0.4405594405594404
2680,-0.4405594405594404
2681,-0.4405594405594404
2682,-0.45454545454545436
2683,-0.42657342657342645
2684,-0.4405594405594404
2685,-0.45454545454545436
2686,-0.45454545454545436
2687,-0.45454545454545436
2688,-0.45454545454545436
2689,-0.45454545454545436
2690,-0.45454545454545436
2691,-0.46853146853146843
2692,-0.4405594405594404
2693,-0.45454545454545436
2694,-0.4405594405594404
2695,-0.4405594405594404
2696,-0.4405594405594404
2697,-0.45454545454545436
2698,-0.45454545454545436
2699,-0.45454545454545436
2700,-0.45454545454545436
2701,-0.4405594405594404
2702,-0.4825174825174824
2703,-0.4405594405594404
2704,-0.46853146853146843
2705,-0.45454545454545436
2706,-0.45454545454545436
2707,-0.4405594405594404
2708,-0.42657342657342645
2709,-0.42657342657342645
2710,-0.4405594405594404
2711,-0.4405594405594404
2712,-0.4405594405594404
2713,-0.42657342657342645
2714,-0.45454545454545436
2715,-0.45454545454545436
2716,-0.4405594405594404
2717,-0.45454545454545436
2718,-0.45454545454545436
2719,-0.4405594405594404
2720,-0.45454545454545436
2721,-0.4825174825174824
2722,-0.4405594405594404
2723,-0.45454545454545436
2724,-0.4405594405594404
2725,-0.45454545454545436
2726,-0.4405594405594404
2727,-0.4405594405594404
2728,-0.4405594405594404
2729,-0.45454545454545436
2730,-0.42657342657342645
2731,-0.4405594405594404
2732,-0.45454545454545436
2733,-0.4405594405594404
2734,-0.4405594405594404
2735,-0.46853146853146843
2736,-0.4405594405594404
2737,-0.4825174825174824
2738,-0.42657342657342645
2739,-0.4405594405594404
2740,-0.45454545454545436
2741,-0.4405594405594404
2742,-0.45454545454545436
2743,-0.45454545454545436
2744,-0.45454545454545436
2745,-0.45454545454545436
2746,-0.4405594405594404
2747,-0.46853146853146843
2748,-0.4405594405594404
2749,-0.42657342657342645
2750,-0.4405594405594404
2751,-0.4405594405594404
2752,-0.45454545454545436
2753,-0.45454545454545436
2754,-0.45454545454545436
2755,-0.45454545454545436
2756,-0.4405594405594404
2757,-0.45454545454545436
2758,-0.42657342657342645
2759,-0.46853146853146843
2760,-0.45454545454545436
2761,-0.45454545454545436
2762,-0.46853146853146843
2763,-0.45454545454545436
2764,-0.4405594405594404
2765,-0.45454545454545436
2766,-0.42657342657342645
2767,-0.4405594405594404
2768,-0.45454545454545436
2769,-0.45454545454545436
2770,-0.4405594405594404
2771,-0.4125874125874125
2772,-0.4405594405594404
2773,-0.45454545454545436
2774,-0.45454545454545436
2775,-0.4405594405594404
2776,-0.45454545454545436
2777,-0.46853146853146843
2778,-0.4405594405594404
2779,-0.45454545454545436
2780,-0.46853146853146843
2781,-0.4405594405594404
2782,-0.46853146853146843
2783,-0.4405594405594404
2784,-0.42657342657342645
2785,-0.4405594405594404
2786,-0.45454545454545436
2787,-0.46853146853146843
2788,-0.45454545454545436
2789,-0.4405594405594404
2790,-0.4405594405594404
2791,-0.46853146853146843
2792,-0.4405594405594404
2793,-0.45454545454545436
2794,-0.46853146853146843
2795,-0.4405594405594404
2796,-0.46853146853146843
2797,-0.45454545454545436
2798,-0.45454545454545436
2799,-0.46853146853146843
2800,-0.4405594405594404
2801,-0.45454545454545436
2802,-0.45454545454545436
2803,-0.46853146853146843
2804,-0.46853146853146843
2805,-0.45454545454545436
2806,-0.4405594405594404
2807,-0.4405594405594404
2808,-0.45454545454545436
2809,-0.45454545454545436
2810,-0.46853146853146843
2811,-0.45454545454545436
2812,-0.46853146853146843
2813,-0.45454545454545436
2814,-0.45454545454545436
2815,-0.4405594405594404
2816,-0.46853146853146843
2817,-0.45454545454545436
2818,-0.45454545454545436
2819,-0.4405594405594404
2820,-0.4405594405594404
2821,-0.45454545454545436
2822,-0.4405594405594404
2823,-0.4405594405594404
2824,-0.45454545454545436
2825,-0.4405594405594404
2826,-0.45454545454545436
2827,-0.45454545454545436
2828,-0.4405594405594404
2829,-0.4405594405594404
2830,-0.45454545454545436
2831,-0.4405594405594404
2832,-0.4405594405594404
2833,-0.4405594405594404
2834,-0.45454545454545436
2835,-0.4405594405594404
2836,-0.4825174825174824
2837,-0.45454545454545436
2838,-0.4405594405594404
2839,-0.45454545454545436
2840,-0.46853146853146843
2841,-0.4405594405594404
2842,-0.4405594405594404
2843,-0.45454545454545436
2844,-0.45454545454545436
2845,-0.4405594405594404
2846,-0.4825174825174824
2847,-0.4405594405594404
2848,-0.45454545454545436
2849,-0.4405594405594404
2850,-0.4405594405594404
2851,-0.45454545454545436
2852,-0.45454545454545436
2853,-0.4405594405594404
2854,-0.4405594405594404
2855,-0.46853146853146843
2856,-0.4405594405594404
2857,-0.4405594405594404
2858,-0.45454545454545436
2859,-0.45454545454545436
2860,-0.4405594405594404
2861,-0.4405594405594404
2862,-0.46853146853146843
2863,-0.4405594405594404
2864,-0.4405594405594404
2865,-0.4405594405594404
2866,-0.45454545454545436
2867,-0.45454545454545436
2868,-0.45454545454545436
2869,-0.45454545454545436
2870,-0.45454545454545436
2871,-0.4825174825174824
2872,-0.42657342657342645
2873,-0.45454545454545436
2874,-0.45454545454545436
2875,-0.45454545454545436
2876,-0.4405594405594404
2877,-0.46853146853146843
2878,-0.46853146853146843
2879,-0.45454545454545436
2880,-0.45454545454545436
2881,-0.45454545454545436
2882,-0.45454545454545436
2883,-0.45454545454545436
2884,-0.45454545454545436
2885,-0.45454545454545436
2886,-0.45454545454545436
2887,-0.42657342657342645
2888,-0.46853146853146843
2889,-0.4405594405594404
2890,-0.4405594405594404
2891,-0.42657342657342645
2892,-0.4405594405594404
2893,-0.4405594405594404
2894,-0.45454545454545436
2895,-0.4405594405594404
2896,-0.45454545454545436
2897,-0.45454545454545436
2898,-0.45454545454545436
2899,-0.4405594405594404
2900,-0.4405594405594404
2901,-0.4405594405594404
2902,-0.4405594405594404
2903,-0.46853146853146843
2904,-0.45454545454545436
2905,-0.4405594405594404
2906,-0.4405594405594404
2907,-0.4405594405594404
2908,-0.4405594405594404
2909,-0.46853146853146843
2910,-0.46853146853146843
2911,-0.45454545454545436
2912,-0.45454545454545436
2913,-0.4405594405594404
2914,-0.4405594405594404
2915,-0.4405594405594404
2916,-0.46853146853146843
2917,-0.4405594405594404
2918,-0.45454545454545436
2919,-0.45454545454545436
2920,-0.45454545454545436
2921,-0.4405594405594404
2922,-0.45454545454545436
2923,-0.45454545454545436
2924,-0.45454545454545436
2925,-0.45454545454545436
2926,-0.4405594405594404
2927,-0.45454545454545436
2928,-0.45454545454545436
2929,-0.45454545454545436
2930,-0.46853146853146843
2931,-0.4405594405594404
2932,-0.46853146853146843
2933,-0.45454545454545436
2934,-0.4405594405594404
2935,-0.42657342657342645
2936,-0.46853146853146843
2937,-0.4405594405594404
2938,-0.46853146853146843
2939,-0.45454545454545436
2940,-0.4405594405594404
2941,-0.4405594405594404
2942,-0.4405594405594404
2943,-0.4405594405594404
2944,-0.45454545454545436
2945,-0.45454545454545436
2946,-0.45454545454545436
2947,-0.4405594405594404
2948,-0.45454545454545436
2949,-0.45454545454545436
2950,-0.4405594405594404
2951,-0.4405594405594404
2952,-0.42657342657342645
2953,-0.42657342657342645
2954,-0.46853146853146843
2955,-0.45454545454545436
2956,-0.45454545454545436
2957,-0.45454545454545436
2958,-0.45454545454545436
2959,-0.45454545454545436
2960,-0.4405594405594404
2961,-0.46853146853146843
2962,-0.45454545454545436
2963,-0.4405594405594404
2964,-0.45454545454545436
2965,-0.49650349650349634
2966,-0.45454545454545436
2967,-0.45454545454545436
2968,-0.45454545454545436
2969,-0.4405594405594404
2970,-0.45454545454545436
2971,-0.4405594405594404
2972,-0.4405594405594404
2973,-0.46853146853146843
2974,-0.46853146853146843
2975,-0.4405594405594404
2976,-0.42657342657342645
2977,-0.45454545454545436
2978,-0.45454545454545436
2979,-0.42657342657342645
2980,-0.46853146853146843
2981,-0.45454545454545436
2982,-0.45454545454545436
2983,-0.45454545454545436
2984,-0.45454545454545436
2985,-0.46853146853146843
2986,-0.4405594405594404
2987,-0.45454545454545436
2988,-0.46853146853146843
2989,-0.45454545454545436
2990,-0.45454545454545436
2991,-0.4405594405594404
2992,-0.46853146853146843
2993,-0.45454545454545436
2994,-0.45454545454545436
2995,-0.45454545454545436
2996,-0.4405594405594404
2997,-0.45454545454545436
2998,-0.4405594405594404
2999,-0.45454545454545436
3000,-0.45454545454545436
3001,-0.45454545454545436
3002,-0.45454545454545436
3003,-0.4405594405594404
3004,-0.4405594405594404
3005,-0.45454545454545436
3006,-0.45454545454545436
3007,-0.4405594405594404
3008,-0.46853146853146843
3009,-0.4405594405594404
3010,-0.4405594405594404
3011,-0.4405594405594404
3012,-0.45454545454545436
3013,-0.45454545454545436
3014,-0.42657342657342645
3015,-0.45454545454545436
3016,-0.45454545454545436
3017,-0.4405594405594404
3018,-0.4405594405594404
3019,-0.4405594405594404
3020,-0.4825174825174824
3021,-0.42657342657342645
3022,-0.45454545454545436
3023,-0.46853146853146843
3024,-0.45454545454545436
3025,-0.45454545454545436
3026,-0.4405594405594404
3027,-0.45454545454545436
3028,-0.45454545454545436
3029,-0.4825174825174824
3030,-0.45454545454545436
3031,-0.45454545454545436
3032,-0.45454545454545436
3033,-0.4405594405594404
3034,-0.45454545454545436
3035,-0.45454545454545436
3036,-0.45454545454545436
3037,-0.4825174825174824
3038,-0.45454545454545436
3039,-0.4405594405594404
3040,-0.45454545454545436
3041,-0.4405594405594404
3042,-0.45454545454545436
3043,-0.4405594405594404
3044,-0.46853146853146843
3045,-0.45454545454545436
3046,-0.45454545454545436
3047,-0.4405594405594404
3048,-0.42657342657342645
3049,-0.4405594405594404
3050,-0.45454545454545436
3051,-0.4405594405594404
3052,-0.45454545454545436
3053,-0.46853146853146843
3054,-0.45454545454545436
3055,-0.45454545454545436
3056,-0.4405594405594404
3057,-0.45454545454545436
3058,-0.45454545454545436
3059,-0.4405594405594404
3060,-0.45454545454545436
3061,-0.46853146853146843
3062,-0.49650349650349634
3063,-0.45454545454545436
3064,-0.4405594405594404
3065,-0.45454545454545436
3066,-0.45454545454545436
3067,-0.45454545454545436
3068,-0.45454545454545436
3069,-0.45454545454545436
3070,-0.4405594405594404
3071,-0.4405594405594404
3072,-0.4125874125874125
3073,-0.4405594405594404
3074,-0.45454545454545436
3075,-0.4405594405594404
3076,-0.46853146853146843
3077,-0.4405594405594404
3078,-0.45454545454545436
3079,-0.42657342657342645
3080,-0.45454545454545436
3081,-0.42657342657342645
3082,-0.45454545454545436
3083,-0.42657342657342645
3084,-0.4825174825174824
3085,-0.46853146853146843
3086,-0.45454545454545436
3087,-0.46853146853146843
3088,-0.4405594405594404
3089,-0.4405594405594404
3090,-0.45454545454545436
3091,-0.4405594405594404
3092,-0.45454545454545436
3093,-0.45454545454545436
3094,-0.46853146853146843
3095,-0.45454545454545436
3096,-0.45454545454545436
3097,-0.4405594405594404
3098,-0.45454545454545436
3099,-0.4405594405594404
3100,-0.45454545454545436
3101,-0.45454545454545436
3102,-0.45454545454545436
3103,-0.46853146853146843
3104,-0.45454545454545436
3105,-0.42657342657342645
3106,-0.46853146853146843
3107,-0.45454545454545436
3108,-0.45454545454545436
3109,-0.45454545454545436
3110,-0.45454545454545436
3111,-0.45454545454545436
3112,-0.4405594405594404
3113,-0.45454545454545436
3114,-0.4825174825174824
3115,-0.4405594405594404
3116,-0.46853146853146843
3117,-0.46853146853146843
3118,-0.4405594405594404
3119,-0.46853146853146843
3120,-0.45454545454545436
3121,-0.4405594405594404
3122,-0.4405594405594404
3123,-0.4405594405594404
3124,-0.45454545454545436
3125,-0.4405594405594404
3126,-0.45454545454545436
3127,-0.46853146853146843
3128,-0.45454545454545436
3129,-0.4405594405594404
3130,-0.46853146853146843
3131,-0.4405594405594404
3132,-0.46853146853146843
3133,-0.45454545454545436
3134,-0.45454545454545436
3135,-0.46853146853146843
3136,-0.4405594405594404
3137,-0.45454545454545436
3138,-0.4405594405594404
3139,-0.4825174825174824
3140,-0.45454545454545436
3141,-0.45454545454545436
3142,-0.45454545454545436
3143,-0.45454545454545436
3144,-0.46853146853146843
3145,-0.46853146853146843
3146,-0.4825174825174824
3147,-0.45454545454545436
3148,-0.45454545454545436
3149,-0.4405594405594404
3150,-0.46853146853146843
3151,-0.45454545454545436
3152,-0.45454545454545436
3153,-0.4405594405594404
3154,-0.42657342657342645
3155,-0.45454545454545436
3156,-0.45454545454545436
3157,-0.45454545454545436
3158,-0.4405594405594404
3159,-0.7622377622377621
3160,-0.4405594405594404
3161,-0.46853146853146843
3162,-0.4405594405594404
3163,-0.45454545454545436
3164,-0.45454545454545436
3165,-0.45454545454545436
3166,-0.46853146853146843
3167,-0.4405594405594404
3168,-0.46853146853146843
3169,-0.45454545454545436
3170,-0.4405594405594404
3171,-0.42657342657342645
3172,-0.45454545454545436
3173,-0.4405594405594404
3174,-0.45454545454545436
3175,-0.4405594405594404
3176,-0.45454545454545436
3177,-0.4405594405594404
3178,-0.4405594405594404
3179,-0.45454545454545436
3180,-0.4405594405594404
3181,-0.45454545454545436
3182,-0.45454545454545436
3183,-0.4405594405594404
3184,-0.4405594405594404
3185,-0.4405594405594404
3186,-0.42657342657342645
3187,-0.46853146853146843
3188,-0.45454545454545436
3189,-0.46853146853146843
3190,-0.45454545454545436
3191,-0.46853146853146843
3192,-0.4405594405594404
3193,-0.46853146853146843
3194,-0.4405594405594404
3195,-0.45454545454545436
3196,-0.45454545454545436
3197,-0.45454545454545436
3198,-0.45454545454545436
3199,-0.45454545454545436
3200,-0.45454545454545436
3201,-0.4405594405594404
3202,-0.45454545454545436
3203,-0.4405594405594404
3204,-0.46853146853146843
3205,-0.4405594405594404
3206,-0.4405594405594404
3207,-0.45454545454545436
3208,-0.46853146853146843
3209,-0.42657342657342645
3210,-0.45454545454545436
3211,-0.4405594405594404
3212,-0.4405594405594404
3213,-0.4405594405594404
3214,-0.4405594405594404
3215,-0.45454545454545436
3216,-0.45454545454545436
3217,-0.4405594405594404
3218,-0.45454545454545436
3219,-0.45454545454545436
3220,-0.42657342657342645
3221,-0.45454545454545436
3222,-0.45454545454545436
3223,-0.4405594405594404
3224,-0.45454545454545436
3225,-0.45454545454545436
3226,-0.4405594405594404
3227,-0.46853146853146843
3228,-0.45454545454545436
3229,-0.45454545454545436
3230,-0.4405594405594404
3231,-0.4405594405594404
3232,-0.4405594405594404
3233,-0.46853146853146843
3234,-0.45454545454545436
3235,-0.42657342657342645
3236,-0.45454545454545436
3237,-0.46853146853146843
3238,-0.45454545454545436
3239,-0.45454545454545436
3240,-0.45454545454545436
3241,-0.42657342657342645
3242,-0.45454545454545436
3243,-0.4405594405594404
3244,-0.46853146853146843
3245,-0.42657342657342645
3246,-0.45454545454545436
3247,-0.4405594405594404
3248,-0.4405594405594404
3249,-0.46853146853146843
3250,-0.4405594405594404
3251,-0.45454545454545436
3252,-0.45454545454545436
3253,-0.45454545454545436
3254,-0.49650349650349634
3255,-0.46853146853146843
3256,-0.42657342657342645
3257,-0.46853146853146843
3258,-0.4405594405594404
3259,-0.45454545454545436
3260,-0.45454545454545436
3261,-0.46853146853146843
3262,-0.4405594405594404
3263,-0.45454545454545436
3264,-0.45454545454545436
3265,-0.45454545454545436
3266,-0.46853146853146843
3267,-0.4405594405594404
3268,-0.45454545454545436
3269,-0.45454545454545436
3270,-0.4405594405594404
3271,-0.4405594405594404
3272,-0.4405594405594404
3273,-0.46853146853146843
3274,-0.4405594405594404
3275,-0.46853146853146843
3276,-0.45454545454545436
3277,-0.45454545454545436
3278,-0.45454545454545436
3279,-0.4405594405594404
3280,-0.45454545454545436
3281,-0.46853146853146843
3282,-0.45454545454545436
3283,-0.4405594405594404
3284,-0.46853146853146843
3285,-0.45454545454545436
3286,-0.4405594405594404
3287,-0.4405594405594404
3288,-0.45454545454545436
3289,-0.45454545454545436
3290,-0.46853146853146843
3291,-0.45454545454545436
3292,-0.45454545454545436
3293,-0.46853146853146843
3294,-0.4405594405594404
3295,-0.45454545454545436
3296,-0.45454545454545436
3297,-0.45454545454545436
3298,-0.45454545454545436
3299,-0.45454545454545436
3300,-0.4825174825174824
3301,-0.42657342657342645
3302,-0.45454545454545436
3303,-0.4405594405594404
3304,-0.4405594405594404
3305,-0.45454545454545436
3306,-0.42657342657342645
3307,-0.45454545454545436
3308,-0.4405594405594404
3309,-0.4405594405594404
3310,-0.46853146853146843
3311,-0.45454545454545436
3312,-0.4405594405594404
3313,-0.45454545454545436
3314,-0.45454545454545436
3315,-0.4405594405594404
3316,-0.45454545454545436
3317,-0.45454545454545436
3318,-0.4405594405594404
3319,-0.46853146853146843
3320,-0.45454545454545436
3321,-0.45454545454545436
3322,-0.46853146853146843
3323,-0.4405594405594404
3324,-0.46853146853146843
3325,-0.4405594405594404
3326,-0.46853146853146843
3327,-0.45454545454545436
3328,-0.4405594405594404
3329,-0.45454545454545436
3330,-0.46853146853146843
3331,-0.42657342657342645
3332,-0.45454545454545436
3333,-0.45454545454545436
3334,-0.4405594405594404
3335,-0.4405594405594404
3336,-0.46853146853146843
3337,-0.4405594405594404
3338,-0.45454545454545436
3339,-0.45454545454545436
3340,-0.45454545454545436
3341,-0.45454545454545436
3342,-0.46853146853146843
3343,-0.45454545454545436
3344,-0.4405594405594404
3345,-0.4405594405594404
3346,-0.45454545454545436
3347,-0.45454545454545436
3348,-0.45454545454545436
3349,-0.4405594405594404
3350,-0.45454545454545436
3351,-0.45454545454545436
3352,-0.42657342657342645
3353,-0.45454545454545436
3354,-0.4405594405594404
3355,-0.45454545454545436
3356,-0.45454545454545436
3357,-0.46853146853146843
3358,-0.45454545454545436
3359,-0.4405594405594404
3360,-0.45454545454545436
3361,-0.42657342657342645
3362,-0.45454545454545436
3363,-0.45454545454545436
3364,-0.45454545454545436
3365,-0.45454545454545436
3366,-0.45454545454545436
3367,-0.45454545454545436
3368,-0.45454545454545436
3369,-0.42657342657342645
3370,-0.46853146853146843
3371,-0.4405594405594404
3372,-0.45454545454545436
3373,-0.45454545454545436
3374,-0.45454545454545436
3375,-0.45454545454545436
3376,-0.46853146853146843
3377,-0.4405594405594404
3378,-0.45454545454545436
3379,-0.45454545454545436
3380,-0.45454545454545436
3381,-0.45454545454545436
3382,-0.45454545454545436
3383,-0.4825174825174824
3384,-0.46853146853146843
3385,-0.45454545454545436
3386,-0.4405594405594404
3387,-0.45454545454545436
3388,-0.45454545454545436
3389,-0.4405594405594404
3390,-0.46853146853146843
3391,-0.42657342657342645
3392,-0.4405594405594404
3393,-0.46853146853146843
3394,-0.42657342657342645
3395,-0.46853146853146843
3396,-0.4825174825174824
3397,-0.46853146853146843
3398,-0.42657342657342645
3399,-0.45454545454545436
3400,-0.45454545454545436
3401,-0.45454545454545436
3402,-0.46853146853146843
3403,-0.42657342657342645
3404,-0.42657342657342645
3405,-0.4405594405594404
3406,-0.49650349650349634
3407,-0.4405594405594404
3408,-0.45454545454545436
3409,-0.4405594405594404
3410,-0.45454545454545436
3411,-0.4405594405594404
3412,-0.45454545454545436
3413,-0.45454545454545436
3414,-0.42657342657342645
3415,-0.45454545454545436
3416,-0.4405594405594404
3417,-0.45454545454545436
3418,-0.4405594405594404
3419,-0.4405594405594404
3420,-0.45454545454545436
3421,-0.45454545454545436
3422,-0.45454545454545436
3423,-0.45454545454545436
3424,-0.45454545454545436
3425,-0.45454545454545436
3426,-0.45454545454545436
3427,-0.4405594405594404
3428,-0.46853146853146843
3429,-0.4405594405594404
3430,-0.45454545454545436
3431,-0.45454545454545436
3432,-0.45454545454545436
3433,-0.45454545454545436
3434,-0.4405594405594404
3435,-0.45454545454545436
3436,-0.4405594405594404
3437,-0.45454545454545436
3438,-0.4405594405594404
3439,-0.46853146853146843
3440,-0.4405594405594404
3441,-0.4405594405594404
3442,-0.4405594405594404
3443,-0.4405594405594404
3444,-0.49650349650349634
3445,-0.45454545454545436
3446,-0.46853146853146843
3447,-0.4405594405594404
3448,-0.45454545454545436
3449,-0.46853146853146843
3450,-0.42657342657342645
3451,-0.4405594405594404
3452,-0.45454545454545436
3453,-0.45454545454545436
3454,-0.45454545454545436
3455,-0.45454545454545436
3456,-0.45454545454545436
3457,-0.4405594405594404
3458,-0.45454545454545436
3459,-0.4405594405594404
3460,-0.46853146853146843
3461,-0.46853146853146843
3462,-0.45454545454545436
3463,-0.4405594405594404
3464,-0.45454545454545436
3465,-0.45454545454545436
3466,-0.4405594405594404
3467,-0.45454545454545436
3468,-0.4405594405594404
3469,-0.45454545454545436
3470,-0.45454545454545436
3471,-0.45454545454545436
3472,-0.45454545454545436
3473,-0.45454545454545436
3474,-0.4405594405594404
3475,-0.46853146853146843
3476,-0.4825174825174824
3477,-0.45454545454545436
3478,-0.45454545454545436
3479,-0.46853146853146843
3480,-0.4405594405594404
3481,-0.46853146853146843
3482,-0.45454545454545436
3483,-0.4405594405594404
3484,-0.46853146853146843
3485,-0.46853146853146843
3486,-0.4405594405594404
3487,-0.46853146853146843
3488,-0.45454545454545436
3489,-0.45454545454545436
3490,-0.46853146853146843
3491,-0.4405594405594404
3492,-0.46853146853146843
3493,-0.45454545454545436
3494,-0.45454545454545436
3495,-0.45454545454545436
3496,-0.42657342657342645
3497,-0.45454545454545436
3498,-0.4405594405594404
3499,-0.45454545454545436
3500,-0.4405594405594404
3501,-0.45454545454545436
3502,-0.45454545454545436
3503,-0.4405594405594404
3504,-0.4405594405594404
3505,-0.45454545454545436
3506,-0.4405594405594404
3507,-0.45454545454545436
3508,-0.4825174825174824
3509,-0.45454545454545436
3510,-0.45454545454545436
3511,-0.45454545454545436
3512,-0.46853146853146843
3513,-0.45454545454545436
3514,-0.4405594405594404
3515,-0.4405594405594404
3516,-0.4405594405594404
3517,-0.46853146853146843
3518,-0.4405594405594404
3519,-0.46853146853146843
3520,-0.4405594405594404
3521,-0.46853146853146843
3522,-0.4405594405594404
3523,-0.45454545454545436
3524,-0.4825174825174824
3525,-0.45454545454545436
3526,-0.4405594405594404
3527,-0.46853146853146843
3528,-0.4405594405594404
3529,-0.46853146853146843
3530,-0.42657342657342645
3531,-0.45454545454545436
3532,-0.46853146853146843
3533,-0.45454545454545436
3534,-0.4405594405594404
3535,-0.45454545454545436
3536,-0.45454545454545436
3537,-0.46853146853146843
3538,-0.46853146853146843
3539,-0.45454545454545436
3540,-0.45454545454545436
3541,-0.45454545454545436
3542,-0.45454545454545436
3543,-0.45454545454545436
3544,-0.46853146853146843
3545,-0.45454545454545436
3546,-0.45454545454545436
3547,-0.46853146853146843
3548,-0.45454545454545436
3549,-0.4405594405594404
3550,-0.46853146853146843
3551,-0.45454545454545436
3552,-0.46853146853146843
3553,-0.45454545454545436
3554,-0.46853146853146843
3555,-0.46853146853146843
3556,-0.45454545454545436
3557,-0.4405594405594404
3558,-0.46853146853146843
3559,-0.45454545454545436
3560,-0.46853146853146843
3561,-0.45454545454545436
3562,-0.45454545454545436
3563,-0.45454545454545436
3564,-0.4405594405594404
3565,-0.45454545454545436
3566,-0.46853146853146843
3567,-0.4405594405594404
3568,-0.42657342657342645
3569,-0.46853146853146843
3570,-0.45454545454545436
3571,-0.46853146853146843
3572,-0.45454545454545436
3573,-0.4405594405594404
3574,-0.45454545454545436
3575,-0.46853146853146843
3576,-0.46853146853146843
3577,-0.46853146853146843
3578,-0.45454545454545436
3579,-0.4405594405594404
3580,-0.4825174825174824
3581,-0.45454545454545436
3582,-0.45454545454545436
3583,-0.4405594405594404
3584,-0.45454545454545436
3585,-0.4405594405594404
3586,-0.45454545454545436
3587,-0.45454545454545436
3588,-0.46853146853146843
3589,-0.45454545454545436
3590,-0.4405594405594404
3591,-0.45454545454545436
3592,-0.45454545454545436
3593,-0.45454545454545436
3594,-0.42657342657342645
3595,-0.46853146853146843
3596,-0.45454545454545436
3597,-0.46853146853146843
3598,-0.45454545454545436
3599,-0.46853146853146843
3600,-0.4405594405594404
3601,-0.45454545454545436
3602,-0.45454545454545436
3603,-0.45454545454545436
3604,-0.4405594405594404
3605,-0.45454545454545436
3606,-0.45454545454545436
3607,-0.45454545454545436
3608,-0.46853146853146843
3609,-0.46853146853146843
3610,-0.45454545454545436
3611,-0.46853146853146843
3612,-0.46853146853146843
3613,-0.45454545454545436
3614,-0.45454545454545436
3615,-0.4405594405594404
3616,-0.45454545454545436
3617,-0.45454545454545436
3618,-0.45454545454545436
3619,-0.4405594405594404
3620,-0.46853146853146843
3621,-0.45454545454545436
3622,-0.45454545454545436
3623,-0.46853146853146843
3624,-0.45454545454545436
3625,-0.4405594405594404
3626,-0.45454545454545436
3627,-0.46853146853146843
3628,-0.4405594405594404
3629,-0.45454545454545436
3630,-0.46853146853146843
3631,-0.46853146853146843
3632,-0.45454545454545436
3633,-0.45454545454545436
3634,-0.46853146853146843
3635,-0.46853146853146843
3636,-0.46853146853146843
3637,-0.46853146853146843
3638,-0.45454545454545436
3639,-0.4125874125874125
3640,-0.46853146853146843
3641,-0.4405594405594404
3642,-0.45454545454545436
3643,-0.4405594405594404
3644,-0.4405594405594404
3645,-0.46853146853146843
3646,-0.46853146853146843
3647,-0.45454545454545436
3648,-0.42657342657342645
3649,-0.4405594405594404
3650,-0.45454545454545436
3651,-0.46853146853146843
3652,-0.4405594405594404
3653,-0.45454545454545436
3654,-0.46853146853146843
3655,-0.45454545454545436
3656,-0.46853146853146843
3657,-0.45454545454545436
3658,-0.4405594405594404
3659,-0.46853146853146843
3660,-0.45454545454545436
3661,-0.45454545454545436
3662,-0.45454545454545436
3663,-0.4405594405594404
3664,-0.45454545454545436
3665,-0.45454545454545436
3666,-0.46853146853146843
3667,-0.4825174825174824
3668,-0.45454545454545436
3669,-0.46853146853146843
3670,-0.4405594405594404
3671,-0.45454545454545436
3672,-0.46853146853146843
3673,-0.46853146853146843
3674,-0.45454545454545436
3675,-0.4405594405594404
3676,-0.45454545454545436
3677,-0.4405594405594404
3678,-0.45454545454545436
3679,-0.4405594405594404
3680,-0.45454545454545436
3681,-0.46853146853146843
3682,-0.46853146853146843
3683,-0.42657342657342645
3684,-0.45454545454545436
3685,-0.46853146853146843
3686,-0.4405594405594404
3687,-0.46853146853146843
3688,-0.4405594405594404
3689,-0.4405594405594404
3690,-0.46853146853146843
3691,-0.45454545454545436
3692,-0.45454545454545436
3693,-0.4405594405594404
3694,-0.45454545454545436
3695,-0.4405594405594404
3696,-0.4405594405594404
3697,-0.5104895104895104
3698,-0.46853146853146843
3699,-0.45454545454545436
3700,-0.46853146853146843
3701,-0.4405594405594404
3702,-0.45454545454545436
3703,-0.46853146853146843
3704,-0.45454545454545436
3705,-0.4405594405594404
3706,-0.45454545454545436
3707,-0.46853146853146843
3708,-0.4405594405594404
3709,-0.45454545454545436
3710,-0.46853146853146843
3711,-0.42657342657342645
3712,-0.46853146853146843
3713,-0.45454545454545436
3714,-0.45454545454545436
3715,-0.46853146853146843
3716,-0.4405594405594404
3717,-0.4405594405594404
3718,-0.45454545454545436
3719,-0.46853146853146843
3720,-0.45454545454545436
3721,-0.46853146853146843
3722,-0.4405594405594404
3723,-0.4405594405594404
3724,-0.4825174825174824
3725,-0.45454545454545436
3726,-0.4405594405594404
3727,-0.4825174825174824
3728,-0.45454545454545436
3729,-0.46853146853146843
3730,-0.45454545454545436
3731,-0.46853146853146843
3732,-0.45454545454545436
3733,-0.42657342657342645
3734,-0.45454545454545436
3735,-0.45454545454545436
3736,-0.4825174825174824
3737,-0.45454545454545436
3738,-0.4405594405594404
3739,-0.4405594405594404
3740,-0.45454545454545436
3741,-0.4405594405594404
3742,-0.46853146853146843
3743,-0.46853146853146843
3744,-0.46853146853146843
3745,-0.45454545454545436
3746,-0.45454545454545436
3747,-0.45454545454545436
3748,-0.4405594405594404
3749,-0.45454545454545436
3750,-0.4405594405594404
3751,-0.45454545454545436
3752,-0.4405594405594404
3753,-0.4405594405594404
3754,-0.4405594405594404
3755,-0.4825174825174824
3756,-0.42657342657342645
3757,-0.42657342657342645
3758,-0.6643356643356642
3759,-0.5104895104895104
3760,-0.45454545454545436
3761,-0.4405594405594404
3762,-0.46853146853146843
3763,-0.45454545454545436
3764,-0.46853146853146843
3765,-0.45454545454545436
3766,-0.46853146853146843
3767,-0.4405594405594404
3768,-0.46853146853146843
3769,-0.45454545454545436
3770,-0.49650349650349634
3771,-0.45454545454545436
3772,-0.46853146853146843
3773,-0.45454545454545436
3774,-0.45454545454545436
3775,-0.45454545454545436
3776,-0.45454545454545436
3777,-0.45454545454545436
3778,-0.4405594405594404
3779,-0.46853146853146843
3780,-0.4825174825174824
3781,-0.42657342657342645
3782,-0.45454545454545436
3783,-0.4405594405594404
3784,-0.4405594405594404
3785,-0.45454545454545436
3786,-0.46853146853146843
3787,-0.45454545454545436
3788,-0.45454545454545436
3789,-0.5244755244755244
3790,-0.4405594405594404
3791,-0.45454545454545436
3792,-0.45454545454545436
3793,-0.46853146853146843
3794,-0.4405594405594404
3795,-0.45454545454545436
3796,-0.45454545454545436
3797,-0.46853146853146843
3798,-0.4405594405594404
3799,-0.46853146853146843
3800,-0.45454545454545436
3801,-0.45454545454545436
3802,-0.46853146853146843
3803,-0.45454545454545436
3804,-0.45454545454545436
3805,-0.45454545454545436
3806,-0.45454545454545436
3807,-0.45454545454545436
3808,-0.46853146853146843
3809,-0.4405594405594404
3810,-0.45454545454545436
3811,-0.46853146853146843
3812,-0.46853146853146843
3813,-0.45454545454545436
3814,-0.45454545454545436
3815,-0.45454545454545436
3816,-0.45454545454545436
3817,-0.4405594405594404
3818,-0.45454545454545436
3819,-0.45454545454545436
3820,-0.45454545454545436
3821,-0.45454545454545436
3822,-0.4405594405594404
3823,-0.45454545454545436
3824,-0.46853146853146843
3825,-0.4405594405594404
3826,-0.4405594405594404
3827,-0.4405594405594404
3828,-0.45454545454545436
3829,-0.4405594405594404
3830,-0.45454545454545436
3831,-0.45454545454545436
3832,-0.4825174825174824
3833,-0.45454545454545436
3834,-0.4405594405594404
3835,-0.46853146853146843
3836,-0.45454545454545436
3837,-0.45454545454545436
3838,-0.46853146853146843
3839,-0.45454545454545436
3840,-0.45454545454545436
3841,-0.4405594405594404
3842,-0.4405594405594404
3843,-0.45454545454545436
3844,-0.45454545454545436
3845,-0.4825174825174824
3846,-0.45454545454545436
3847,-0.4405594405594404
3848,-0.46853146853146843
3849,-0.4825174825174824
3850,-0.46853146853146843
3851,-0.4405594405594404
3852,-0.4825174825174824
3853,-0.4405594405594404
3854,-0.45454545454545436
3855,-0.45454545454545436
3856,-0.46853146853146843
3857,-0.45454545454545436
3858,-0.45454545454545436
3859,-0.4405594405594404
3860,-0.45454545454545436
3861,-0.4405594405594404
3862,-0.46853146853146843
3863,-0.4405594405594404
3864,-0.45454545454545436
3865,-0.45454545454545436
3866,-0.4405594405594404
3867,-0.4825174825174824
3868,-0.45454545454545436
3869,-0.4825174825174824
3870,-0.45454545454545436
3871,-0.45454545454545436
3872,-0.46853146853146843
3873,-0.45454545454545436
3874,-0.45454545454545436
3875,-0.45454545454545436
3876,-0.45454545454545436
3877,-0.4405594405594404
3878,-0.45454545454545436
3879,-0.45454545454545436
3880,-0.46853146853146843
3881,-0.4405594405594404
3882,-0.46853146853146843
3883,-0.4825174825174824
3884,-0.45454545454545436
3885,-0.45454545454545436
3886,-0.46853146853146843
3887,-0.42657342657342645
3888,-0.45454545454545436
3889,-0.45454545454545436
3890,-0.46853146853146843
3891,-0.46853146853146843
3892,-0.4405594405594404
3893,-0.45454545454545436
3894,-0.46853146853146843
3895,-0.46853146853146843
3896,-0.4405594405594404
3897,-0.46853146853146843
3898,-0.45454545454545436
3899,-0.46853146853146843
3900,-0.46853146853146843
3901,-0.45454545454545436
3902,-0.4825174825174824
3903,-0.42657342657342645
3904,-0.46853146853146843
3905,-0.45454545454545436
3906,-0.45454545454545436
3907,-0.4405594405594404
3908,-0.45454545454545436
3909,-0.45454545454545436
3910,-0.45454545454545436
3911,-0.45454545454545436
3912,-0.46853146853146843
3913,-0.45454545454545436
3914,-0.45454545454545436
3915,-0.45454545454545436
3916,-0.46853146853146843
3917,-0.45454545454545436
3918,-0.45454545454545436
3919,-0.4825174825174824
3920,-0.45454545454545436
3921,-0.4405594405594404
3922,-0.45454545454545436
3923,-0.45454545454545436
3924,-0.45454545454545436
3925,-0.45454545454545436
3926,-0.46853146853146843
3927,-0.46853146853146843
3928,-0.4405594405594404
3929,-0.4825174825174824
3930,-0.45454545454545436
3931,-0.46853146853146843
3932,-0.46853146853146843
3933,-0.45454545454545436
3934,-0.45454545454545436
3935,-0.45454545454545436
3936,-0.46853146853146843
3937,-0.4405594405594404
3938,-0.4405594405594404
3939,-0.45454545454545436
3940,-0.46853146853146843
3941,-0.45454545454545436
3942,-0.4825174825174824
3943,-0.45454545454545436
3944,-0.4405594405594404
3945,-0.46853146853146843
3946,-0.45454545454545436
3947,-0.45454545454545436
3948,-0.46853146853146843
3949,-0.45454545454545436
3950,-0.45454545454545436
3951,-0.42657342657342645
3952,-0.46853146853146843
3953,-0.45454545454545436
3954,-0.46853146853146843
3955,-0.46853146853146843
3956,-0.4405594405594404
3957,-0.45454545454545436
3958,-0.45454545454545436
3959,-0.46853146853146843
3960,-0.46853146853146843
3961,-0.45454545454545436
3962,-0.45454545454545436
3963,-0.45454545454545436
3964,-0.46853146853146843
3965,-0.46853146853146843
3966,-0.45454545454545436
3967,-0.45454545454545436
3968,-0.46853146853146843
3969,-0.4405594405594404
3970,-0.46853146853146843
3971,-0.45454545454545436
3972,-0.4405594405594404
3973,-0.4405594405594404
3974,-0.46853146853146843
3975,-0.45454545454545436
3976,-0.4825174825174824
3977,-0.4405594405594404
3978,-0.46853146853146843
3979,-0.46853146853146843
3980,-0.45454545454545436
3981,-0.46853146853146843
3982,-0.42657342657342645
3983,-0.45454545454545436
3984,-0.4825174825174824
3985,-0.4405594405594404
3986,-0.46853146853146843
3987,-0.42657342657342645
3988,-0.45454545454545436
3989,-0.4405594405594404
3990,-0.46853146853146843
3991,-0.45454545454545436
3992,-0.4825174825174824
3993,-0.46853146853146843
3994,-0.4405594405594404
3995,-0.4405594405594404
3996,-0.4405594405594404
3997,-0.45454545454545436
3998,-0.45454545454545436
3999,-0.46853146853146843
